A,Count,B1,,B2,,B3,,B4,,B5,,B6,,B7,,B8,,B9,
and,399, statistics,53, probability,51, science,42, the,35, research,31, education,30, design,25, for,21,,
the,199, and,35, lord,14, rings,14, with,13, tolkien,12, wind,11, gone,11,,,,
veterinary,155, technician,17, anatomy,16, pathology,14, radiology,12, domestic,12, textbook,10, clinical,9, neurology,8,,
science,140, soil,63, and,42, research,29, education,27, fiction,11, the,5, journal,5,,,,
hydraulic,130, system,92, vibration,20, valve,8, design,4, book,4, hand,4,,,,,,
system,104, hydraulic,92, air,5, transportation,5, forensics,3, operating,2, and,1, history,1, human,1, global,1
soil,98, science,63, water,15, balance,15, ecology,4, microbiology,4, microbial,4, and,3, genesis,2, classification,2
design,73, and,25, industrial,14, for,10, algorithm,6, analysis,5, experiments,5, product,5, hydraulic,4,,
history,70, literature,11, the,9, arabic,9, american,8, theatre,7, automobile,7, pennsylvania,6, and,5,,
education,68, and,30, research,28, science,27, sex,10, higher,4, the,3, facebook,3, mathematics,3,,
introduction,66, optics,10, and,7, fluid,7, analysis,6, health,6, pedrotti,6,,,,,,
statistics,62, and,53, probability,47, applied,5, the,4, for,4, economics,4, business,4, introduction,3,,
engineering,60, and,12, systems,7, mathematics,6, advanced,6, analysis,5, mechanics,5, chemical,5, deformation,5,,
probability,60, and,51, statistics,47, theory,4, random,4, variable,4, introduction,3, its,3,,,,
learning,58, machine,14, and,10, handbook,7, online,7, for,5, technology,5, media,5, instructional,5,,
for,55, and,21, design,10, language,6, media,6, learning,5, technology,5, chinese,5, english,5,,
analysis,56, and,12, numerical,10, thermal,7, buildings,7, introduction,6, systems,6, design,5,,,,
research,52, and,31, science,29, education,28, methods,8, qualitative,6, design,4, study,3, case,3,,
mechanics,52, fluid,14, quantum,13, materials,6, and,5, engineering,5, deformation,5, fracture,5,,,,
theory,49, and,15, queer,8, chaos,6, the,5, introduction,5, probability,4,,,,,,
technology,45, and,13, war,8, learning,5, for,5, media,5, information,5, instructional,5, transfer,5,,
collections,45, media,1, books,1, articles,1, journals,1, find,1,,,,,,,,
mars,45, landing,1, edl,1,,,,,,,,,,,,,,
language,42, chinese,15, second,7, english,7, for,6, writing,6, identity,6, hindi,6, speakers,5, learning,3
literature,41, history,11, arabic,9, childrens,7, and,5, the,5, world,5, working,5, class,5,,
biology,41, molecular,18, models,11, methods,9, cell,4, developmental,4, bone,2, adipose,2,,,,
american,40, journal,11, physiology,9, the,8, history,8, theatre,7, scientific,4, latin,3, and,2,,
facebook,39, and,12, universities,9, education,3, higher,3,,,,,,,,,,
food,38, colloids,8, interface,6, south,5, science,3, chemistry,3, korea,3, ecuador,3, fast,3, allergy,3
animal,36, small,19, medicine,12, large,10, surgery,6, behavior,6, toxicology,6, introduction,4,,,,
fluid,36, mechanics,14, dynamics,13, introduction,7, computational,7, numerical,4, motion,2,,,,,,
social,34, work,24, world,5, the,4, making,4, and,2, for,1,,,,,,
programming,34, and,7, the,4, network,4, python,4, dynamic,4, linear,3,,,,,,
physiology,32, american,9, journal,9, respiratory,7, veterinary,6, the,3, essentials,3, textbook,2, ganong,2,,
purdue,31, extension,2,,,,,,,,,,,,,,,,
methods,29, biology,9, research,8, molecular,7, and,6, qualitative,5, engineering,4, variational,4, design,3,,
medicine,28, animal,12, large,10, veterinary,5, and,4, textbook,4, disease,4, psychosomatic,4, history,3,,
networks,28, neural,16, biological,6, brain,3, constraint,2, neurobiology,2, and,1, the,1,,,,
handbook,28, learning,7, oxford,3, structural,3, drugs,3, alloys,3, nonprescription,3, and,2, veterinary,2,,
machine,28, learning,14, and,5, teller,5, automated,5, elements,3, recognition,3, pattern,3, the,2,,
biochemistry,28, garrett,3, grisham,3, textbook,2, principle,2, for,1, elementary,1, dummies,1, essential,1,,
with,28, the,13, wind,11, gone,11, demand,7, matching,7, supply,7, cryptography,2, coding,2, and,1
new,27, photography,8, orleans,8, the,6, formalism,5, yorker,5, drug,3, development,3,,,,
linear,27, algebra,14, and,6, analysis,3, programming,3, network,3, differential,3, equations,3, oscillations,3, circuits,3
work,26, social,24, motivation,2, pinder,1,,,,,,,,,,,,
electron,25, microscopy,19, microscope,6, cryo,6, and,1, microanalys,1, scanning,1, xray,1,,,,
writing,25, psychological,7, language,6, second,6, identity,6, theories,4, academic,3, research,2, relations,2,,
chemistry,25, quantum,6, organic,4, food,3, oxford,3, primers,3, and,2, computational,2, the,1,,
soviet,25, asia,23, central,23, the,2, from,2, revolution,2, abroad,2, conquest,2, pol,2,,
anatomy,25, veterinary,16, domestic,12, mammals,7, animals,5, brain,4, comparative,4, textbook,2, animal,1,,
john,25, kingdon,6, green,4, greer,3, deere,3, searle,2, lennon,2, and,1, the,1, michael,1
how,24, paper,15, write,15, everything,3, linked,3, stock,3, invest,3,,,,,,
saunders,24, veterinary,2, animal,2, small,2, dictionary,2, comprehensive,1, vet,1,,,,,,
journal,24, american,11, physiology,9, science,5, and,3, medical,3, administration,3, police,3, the,2,,
war,23, technology,8, and,5, old,4, mans,4, during,2, landscape,2, prevent,2, wilsons,2, schools,2
gis,23,,,,,,,,,,,,,,,,,,
java,23, data,2, yourself,2, structures,2, hours,2, sams,2, teach,2,,,,,,
asia,23, soviet,23, central,23,,,,,,,,,,,,,,
pathology,23, veterinary,14, clinical,12,,,,,,,,,,,,,,
organic,23, elect,17, chemistry,4, the,3, manual,2, students,2, chem,2, lab,2, survival,2,,
central,23, soviet,23, asia,23,,,,,,,,,,,,,,
cell,22, biology,4, molecular,4, the,3, grey,3, histology,2,,,,,,,,
industrial,22, design,14, warfare,4, ecology,2, technology,1, war,1, during,1, revolution,1,,,,
numerical,22, analysis,10, kincaid,8, mechanics,4, fluid,4, introduction,3, method,3, and,1, linear,1,,
william,22, pinar,9, blake,8, hutchinson,3, and,1, all,1,,,,,,,,
neural,22, networks,16, network,6, neurobiology,2, and,1, the,1, introduction,1, math,1,,,,
algorithm,21, genetic,11, design,6, analysis,3, data,3, for,2, computation,2,,,,,,
electric,21, car,17, analysis,3, machine,2, and,1, systems,1, drive,1, machines,1, wasynczuk,1,,
water,21, soil,15, balance,15, measurements,6,,,,,,,,,,,,
control,21, guidance,8, navigation,8, and,5, statistical,4, quality,4, the,2, design,2,,,,
dynamics,21, fluid,13, computational,7, introduction,3, material,3, structures,2, nonlinear,2,,,,,,
pharmacology,21, invivo,18, psychologic,2, veterinary,1,,,,,,,,,,,,
molecular,20, biology,18, methods,7, cell,4, mechanics,2, the,1, chemistry,1, quantum,1,,,,
mccarthy,20, cormac,19, children,1, god,1,,,,,,,,,,,,
modelling,20, hydrological,15, hydrologic,5,,,,,,,,,,,,,,
